category,fas fa-rocket,はじめに
page,/ja/id/040130,
page,/ja/id/040830,
category,fas fa-cube,アプリを作って運用する
page,/ja/id/040616,
page,/ja/id/040473,
page,/ja/id/040603,
page,/ja/id/040841,
page,/ja/id/040494,
page,/ja/id/040484,
page,/ja/id/040568,
page,/ja/id/040588,
page,/ja/id/040489,
partition,,
page,/ja/id/040848,
page,/ja/id/04053,
page,/ja/id/040605,
page,/ja/id/040465,
page,/ja/id/040714,
page,/ja/id/040856,
page,/ja/id/040459,
partition,,
page,/ja/id/040857,
page,/ja/id/040859,
page,/ja/id/040599,
page,/ja/id/040860,
page,/ja/id/040676,
category,fas fa-puzzle-piece,kintoneの他の機能を使ってみる
page,/ja/id/040688,
page,/ja/id/040669,
page,/ja/id/040617,
page,/ja/id/040691,
page,/ja/id/040639,
page,/ja/id/040679,
page,/ja/id/040651,
page,/ja/id/0402,
page,/ja/id/040653,
category,fas fa-user,ユーザー管理
page,https://help.cybozu.cn/general/ja/id/0202.html,cybozu.cn共通管理
category,fas fa-book,お役立ち情報
page,/ja/id/040732,
page,/ja/id/040146,
