category,常見問題,fas fa-headset,
link,kintone FAQ,https://kintone-faq.cybozu.co.jp/hc/en-us,
link,cybozu.com FAQ,https://faq.cybozu.info/alphascope/cybozu/web/cybozu.com/,jaonly
category,社群,far fa-comments,
link,kintone 使用者社群「KINCOM」,https://kincom.cybozu.co.jp/,jaonly
link,cybozu developer network,https://cybozu.dev/zh-tw/kintone/,
category,學習,fas fa-pencil-alt,
link,kintone導入指南,https://kintone.cybozu.co.jp/r/kokokaraguide/,jaonly
link,功能快速指南,https://kintone.cybozu.co.jp/material/#guidebook,jaonly
link,教學影片 從基礎到活用,https://kintone.cybozu.co.jp/seminar/ondemand.html?utm_source=ki_helpsite&utm_medium=website&utm_campaign=movie_cn_cn,jaonly
