category,fas fa-rocket,快速入門
page,https://get.kintone.help/store/en/id/03038.html,試用
page,/zh-tw/id/040130,
page,/zh-tw/id/040830,
category,fas fa-cube,建立與運用應用程式
page,/zh-tw/id/040616,
page,/zh-tw/id/040473,
page,/zh-tw/id/040603,
page,/zh-tw/id/040841,
page,/zh-tw/id/040494,
page,/zh-tw/id/040484,
page,/zh-tw/id/040568,
page,/zh-tw/id/040588,
page,/zh-tw/id/040489,
partition,,
page,/zh-tw/id/040848,
page,/zh-tw/id/04053,
page,/zh-tw/id/040605,
page,/zh-tw/id/040465,
page,/zh-tw/id/040714,
page,/zh-tw/id/040856,
page,/zh-tw/id/040459,
partition,,
page,/zh-tw/id/040857,
page,/zh-tw/id/040859,
page,/zh-tw/id/040599,
page,/zh-tw/id/040860,
page,/zh-tw/id/040676,
category,fas fa-puzzle-piece,Kintone的其他功能
page,/zh-tw/id/040688,
page,/zh-tw/id/040669,
page,/zh-tw/id/040617,
page,/zh-tw/id/040691,
page,/zh-tw/id/040639,
page,/zh-tw/id/040679,
page,/zh-tw/id/040651,
page,/zh-tw/id/0402,
page,/zh-tw/id/040653,
category,fas fa-user,合約與使用者管理
page,https://get.kintone.help/store/en/id/03027.html,購買
page,https://get.kintone.help/general/zh-tw/id/0202.html,Kintone共通管理
category,fas fa-book,實用資訊
page,/zh-tw/id/040732,
page,/zh-tw/id/040146,
