category,fas fa-rocket,快速入门
page,/zh/id/040130,
page,/zh/id/040830,
category,fas fa-cube,应用的创建与运营
page,/zh/id/040616,
page,/zh/id/040473,
page,/zh/id/040603,
page,/zh/id/040841,
page,/zh/id/040494,
page,/zh/id/040484,
page,/zh/id/040568,
page,/zh/id/040588,
page,/zh/id/040489,
partition,,
page,/zh/id/040848,
page,/zh/id/04053,
page,/zh/id/040605,
page,/zh/id/040465,
page,/zh/id/040714,
page,/zh/id/040856,
page,/zh/id/040459,
partition,,
page,/zh/id/040857,
page,/zh/id/040859,
page,/zh/id/040599,
page,/zh/id/040860,
page,/zh/id/040676,
category,fas fa-puzzle-piece,kintone的其他功能
page,/zh/id/040688,
page,/zh/id/040669,
page,/zh/id/040617,
page,/zh/id/040691,
page,/zh/id/040639,
page,/zh/id/040679,
page,/zh/id/040651,
page,/zh/id/0402,
page,/zh/id/040653,
category,fas fa-user,合同和用户管理
page,https://help.cybozu.cn/general/zh/id/0202.html,cybozu.cn共通管理
category,fas fa-book,实用信息
page,/zh/id/040732,
page,/zh/id/040146,
