category,fas fa-rocket,Getting Started
page,/en/id/040130,
page,/en/id/040830,
category,fas fa-cube,Creating and Operating Apps
page,/en/id/040616,
page,/en/id/040473,
page,/en/id/040603,
page,/en/id/040841,
page,/en/id/040494,
page,/en/id/040484,
page,/en/id/040568,
page,/en/id/040588,
page,/en/id/040489,
partition,,
page,/en/id/040848,
page,/en/id/04053,
page,/en/id/040605,
page,/en/id/040465,
page,/en/id/040714,
page,/en/id/040856,
page,/en/id/040459,
partition,,
page,/en/id/040857,
page,/en/id/040859,
page,/en/id/040599,
page,/en/id/040860,
page,/en/id/040676,
category,fas fa-puzzle-piece,Other kintone Features
page,/en/id/040688,
page,/en/id/040669,
page,/en/id/040617,
page,/en/id/040691,
page,/en/id/040639,
page,/en/id/040679,
page,/en/id/040651,
page,/en/id/0402,
page,/en/id/040653,
category,fas fa-user,User Administration
page,https://help.cybozu.cn/general/en/id/0202.html,Users & System Administration
category,fas fa-book,Useful Resources
page,/en/id/040732,
page,/en/id/040146,
